leads,normabnorm
1,0.7952684258416742
3,0.8503184713375797
6,0.8516833484986351
12,0.8753412192902639
1_2,0.8202911737943585
